row_type,service,tool,phase,bug_id,description,category,category_group,severity,severity_band,reported_severity_source,reported_severity_band,reported_severity,found_by_chaosarena,found_by_claude_code,found_by_autoresttest,source_ref,occurrences,notes,raw_reported_bugs,confirmed_unique_bugs,required_unique_bugs,exploration_unique_bugs,concurrency_unique_bugs,critical_high_bugs,cost_usd,bugs_per_dollar,verdict_agent_cost_usd,verdict_drafter_cost_usd,verdict_total_cost_usd,verdict_bugs_per_dollar,verdict_started_at_utc,verdict_finished_at_utc,verdict_duration_seconds,verdict_duration_minutes,duration_seconds,duration_minutes,turns,tool_calls,input_tokens,output_tokens,cache_creation_input_tokens,cache_read_input_tokens,total_tokens,pricing_version,total_requests_sent,status_200,status_201,status_204,status_400,status_404,status_405,status_406,status_415,status_500,total_operations,successful_operations,successful_operations_pct,unique_server_errors,operations_with_server_errors,source_file
bug,market,ChaosArena,required,B01,Concurrent addItem same product: lost quantity update (qty stays 1 instead of 2),Concurrency,Concurrency,HIGH,high,impact_reclassified,high,HIGH,TRUE,FALSE,FALSE,CA:R1,2,Exploratory #1 is a dup of R1,,,,,,,,,,,,,,,,,,,,,,,,,,,,,,,,,,,,,,,,,,Doc/paper/data/bugs_comparison.csv
bug,market,ChaosArena,required,B02,Concurrent pay+addItem: stale cart not cleared after payment (race-added item persists),Concurrency,Concurrency,HIGH,high,impact_reclassified,high,HIGH,TRUE,FALSE,FALSE,CA:R3,6,Exploratory #5/#12/#17/#21/#25 are dups of R3 (5 identical entries),,,,,,,,,,,,,,,,,,,,,,,,,,,,,,,,,,,,,,,,,,Doc/paper/data/bugs_comparison.csv
bug,market,ChaosArena,required,B03,Concurrent clearCart+pay: Hibernate StaleStateException surfaces as 500,Concurrency,Concurrency,HIGH,high,impact_reclassified,high,HIGH,TRUE,FALSE,FALSE,CA:R4,2,Exploratory #7 is a dup of R4,,,,,,,,,,,,,,,,,,,,,,,,,,,,,,,,,,,,,,,,,,Doc/paper/data/bugs_comparison.csv
bug,market,ChaosArena,required,B04,Concurrent duplicate registration: both requests return 500 NonUniqueResultException,Concurrency,Concurrency,HIGH,high,impact_reclassified,high,HIGH,TRUE,FALSE,FALSE,CA:R5,2,Exploratory #6 is a dup of R5,,,,,,,,,,,,,,,,,,,,,,,,,,,,,,,,,,,,,,,,,,Doc/paper/data/bugs_comparison.csv
bug,market,ChaosArena+Claude Code,required,B05,IDOR: Any authenticated user can read any order by guessing orderId,Auth/IDOR,Auth / IDOR / Security,CRITICAL,critical,impact_reclassified,critical,CRITICAL,TRUE,TRUE,FALSE,"CA:R13, Exploratory #4/#11/#16/#20/#24/#29/#33; CC:BUG-2",9,,,,,,,,,,,,,,,,,,,,,,,,,,,,,,,,,,,,,,,,,,,Doc/paper/data/bugs_comparison.csv
bug,market,ChaosArena+Claude Code,required,B06,IDOR on payment: name query-param ignored — server returns 406 for any user's cart,Auth/IDOR,Auth / IDOR / Security,MEDIUM,medium,impact_reclassified,medium,MEDIUM,TRUE,TRUE,FALSE,"CA:R12, Exploratory #3/#10/#15/#19/#23; CC:BUG-3",7,,,,,,,,,,,,,,,,,,,,,,,,,,,,,,,,,,,,,,,,,,,Doc/paper/data/bugs_comparison.csv
bug,market,ChaosArena+Claude Code,required,B07,Unauthenticated POST /customer/cart/pay returns 406 instead of 401,Auth,Auth / IDOR / Security,MEDIUM,medium,impact_reclassified,medium,MEDIUM,TRUE,TRUE,FALSE,"CA:R14, Exploratory #2/#9/#13/#14/#18/#22/#26; CC:BUG-1",9,,,,,,,,,,,,,,,,,,,,,,,,,,,,,,,,,,,,,,,,,,,Doc/paper/data/bugs_comparison.csv
bug,market,ChaosArena,exploration,B08,deliveryIncluded=false does not reduce cart totalCost displayed to user,Business Logic,Business Logic,MEDIUM,medium,impact_reclassified,medium,MEDIUM,TRUE,FALSE,FALSE,CA:Exploratory #30/#31/#32,3,,,,,,,,,,,,,,,,,,,,,,,,,,,,,,,,,,,,,,,,,,,Doc/paper/data/bugs_comparison.csv
bug,market,ChaosArena,exploration,B09,Unavailable product (available=false) silently not added to cart — no error returned,Business Logic,Business Logic,MEDIUM,medium,impact_reclassified,medium,MEDIUM,TRUE,FALSE,FALSE,CA:Exploratory #27,1,,,,,,,,,,,,,,,,,,,,,,,,,,,,,,,,,,,,,,,,,,,Doc/paper/data/bugs_comparison.csv
bug,market,ChaosArena,exploration,B10,No upper-bound validation on cart item quantity (accepts 999999),Input Validation,Input Validation,HIGH,high,impact_reclassified,high,HIGH,TRUE,FALSE,FALSE,CA:Exploratory #28/#34,2,,,,,,,,,,,,,,,,,,,,,,,,,,,,,,,,,,,,,,,,,,,Doc/paper/data/bugs_comparison.csv
bug,market,ChaosArena+Claude Code,required,B11,All input validation errors return 406 Not Acceptable instead of 400 Bad Request,HTTP Semantics,HTTP Semantics,MEDIUM,medium,impact_reclassified,medium,MEDIUM,TRUE,TRUE,FALSE,CA:R16/R17/R18/R22/R23; CC:BUG-4,6,,,,,,,,,,,,,,,,,,,,,,,,,,,,,,,,,,,,,,,,,,,Doc/paper/data/bugs_comparison.csv
bug,market,ChaosArena,required,B12,setDelivery endpoint: missing required 'included' param returns 500 instead of 400,HTTP Semantics,HTTP Semantics,HIGH,high,impact_reclassified,high,HIGH,TRUE,FALSE,FALSE,CA:R25,1,,,,,,,,,,,,,,,,,,,,,,,,,,,,,,,,,,,,,,,,,,,Doc/paper/data/bugs_comparison.csv
bug,market,ChaosArena,exploration,B13,GET /products/{non-numeric-id}: type conversion failure returns 500 instead of 400,HTTP Semantics,HTTP Semantics,HIGH,high,impact_reclassified,high,HIGH,TRUE,FALSE,FALSE,CA:Exploratory #36,1,,,,,,,,,,,,,,,,,,,,,,,,,,,,,,,,,,,,,,,,,,,Doc/paper/data/bugs_comparison.csv
bug,market,ChaosArena,required,B14,Empty cart payment returns 406 Not Acceptable instead of 400,HTTP Semantics,HTTP Semantics,MEDIUM,medium,impact_reclassified,medium,MEDIUM,TRUE,FALSE,FALSE,CA:R16,1,,,,,,,,,,,,,,,,,,,,,,,,,,,,,,,,,,,,,,,,,,,Doc/paper/data/bugs_comparison.csv
bug,market,ChaosArena,required,B15,addItem with zero or negative quantity returns 406 instead of 400,HTTP Semantics,HTTP Semantics,MEDIUM,medium,impact_reclassified,medium,MEDIUM,TRUE,FALSE,FALSE,CA:R17,1,,,,,,,,,,,,,,,,,,,,,,,,,,,,,,,,,,,,,,,,,,,Doc/paper/data/bugs_comparison.csv
bug,market,ChaosArena,required,B16,Invalid credit card number returns 406 instead of 400,HTTP Semantics,HTTP Semantics,MEDIUM,medium,impact_reclassified,medium,MEDIUM,TRUE,FALSE,FALSE,CA:R18,1,,,,,,,,,,,,,,,,,,,,,,,,,,,,,,,,,,,,,,,,,,,Doc/paper/data/bugs_comparison.csv
bug,market,ChaosArena,required,B17,Oversize registration fields (>50 chars) return 406 instead of 400,HTTP Semantics,HTTP Semantics,MEDIUM,medium,impact_reclassified,medium,MEDIUM,TRUE,FALSE,FALSE,CA:R22,1,,,,,,,,,,,,,,,,,,,,,,,,,,,,,,,,,,,,,,,,,,,Doc/paper/data/bugs_comparison.csv
bug,market,ChaosArena,required,B18,Contacts update with forbidden characters or invalid phone format returns 406 instead of 400,HTTP Semantics,HTTP Semantics,MEDIUM,medium,impact_reclassified,medium,MEDIUM,TRUE,FALSE,FALSE,CA:R23,1,,,,,,,,,,,,,,,,,,,,,,,,,,,,,,,,,,,,,,,,,,,Doc/paper/data/bugs_comparison.csv
bug,market,ChaosArena,exploration,B19,Null byte character accepted and stored in address field,Input Validation,Input Validation,HIGH,high,impact_reclassified,high,HIGH,TRUE,FALSE,FALSE,CA:Exploratory #37,1,,,,,,,,,,,,,,,,,,,,,,,,,,,,,,,,,,,,,,,,,,,Doc/paper/data/bugs_comparison.csv
bug,market,ChaosArena,exploration,B20,"Response shape inconsistency: GET /orders returns 'links' array only for paginated results, not for single-order fetch",API Design,Data Integrity / API Design,LOW,low,impact_reclassified,low,LOW,TRUE,FALSE,FALSE,CA:Exploratory #38,1,,,,,,,,,,,,,,,,,,,,,,,,,,,,,,,,,,,,,,,,,,,Doc/paper/data/bugs_comparison.csv
bug,market,Claude Code,single_phase,B21,POST /customer/register returns 406 for duplicate email instead of 409 Conflict,HTTP Semantics,HTTP Semantics,MEDIUM,medium,impact_reclassified,medium,MEDIUM,FALSE,TRUE,FALSE,CC:BUG-5,1,,,,,,,,,,,,,,,,,,,,,,,,,,,,,,,,,,,,,,,,,,,Doc/paper/data/bugs_comparison.csv
bug,market,Claude Code,single_phase,B22,GET /products returns empty array [] with 200 when no products exist instead of 404,HTTP Semantics,HTTP Semantics,LOW,low,impact_reclassified,low,LOW,FALSE,TRUE,FALSE,CC:BUG-6,1,,,,,,,,,,,,,,,,,,,,,,,,,,,,,,,,,,,,,,,,,,,Doc/paper/data/bugs_comparison.csv
bug,market,Claude Code,single_phase,B23,DELETE /customer/cart/{cartId} returns 200 on non-existent cart instead of 404,HTTP Semantics,HTTP Semantics,LOW,low,impact_reclassified,low,LOW,FALSE,TRUE,FALSE,CC:BUG-7,1,,,,,,,,,,,,,,,,,,,,,,,,,,,,,,,,,,,,,,,,,,,Doc/paper/data/bugs_comparison.csv
bug,tracking,ChaosArena,required,T01,Concurrent POST duplicate assignment returns 400+SQL constraint leak,Concurrency,Concurrency,HIGH,high,impact_reclassified,high,HIGH,TRUE,FALSE,FALSE,CA:R1,2,Exploratory #1 is a dup,,,,,,,,,,,,,,,,,,,,,,,,,,,,,,,,,,,,,,,,,,Doc/paper/data/bugs_comparison.csv
bug,tracking,ChaosArena,required,T02,Concurrent DELETE same assignment returns 400+Hibernate StaleStateException,Concurrency,Concurrency,HIGH,high,impact_reclassified,high,HIGH,TRUE,FALSE,FALSE,CA:R2,1,,,,,,,,,,,,,,,,,,,,,,,,,,,,,,,,,,,,,,,,,,,Doc/paper/data/bugs_comparison.csv
bug,tracking,ChaosArena,required,T03,Concurrent PUT same assignment: endpoint does INSERT not UPDATE causing PK conflict,Concurrency,Concurrency,HIGH,high,impact_reclassified,high,HIGH,TRUE,FALSE,FALSE,CA:R4,1,,,,,,,,,,,,,,,,,,,,,,,,,,,,,,,,,,,,,,,,,,,Doc/paper/data/bugs_comparison.csv
bug,tracking,ChaosArena+Claude Code,required,T04,All API endpoints accessible without authentication — no auth enforcement,Auth,Auth / IDOR / Security,CRITICAL,critical,impact_reclassified,critical,CRITICAL,TRUE,TRUE,FALSE,CA:R5/R6/R7/R8/R9/R10/R11; CC:BUG-1,8,,,,,,,,,,,,,,,,,,,,,,,,,,,,,,,,,,,,,,,,,,,Doc/paper/data/bugs_comparison.csv
bug,tracking,ChaosArena+Claude Code,required,T05,IDOR: assignment data (salary + credential hash) readable by any caller,Auth/IDOR,Auth / IDOR / Security,CRITICAL,critical,impact_reclassified,critical,CRITICAL,TRUE,TRUE,FALSE,"CA:R5, Exploratory #1/#3/#5/#7/#10; CC:BUG-2",7,,,,,,,,,,,,,,,,,,,,,,,,,,,,,,,,,,,,,,,,,,,Doc/paper/data/bugs_comparison.csv
bug,tracking,ChaosArena+Claude Code,required,T06,IDOR: employee profile including salary accessible without authorization,Auth/IDOR,Auth / IDOR / Security,CRITICAL,critical,impact_reclassified,critical,CRITICAL,TRUE,TRUE,FALSE,"CA:R6, Exploratory #2/#4/#6/#8/#11; CC:BUG-3",7,,,,,,,,,,,,,,,,,,,,,,,,,,,,,,,,,,,,,,,,,,,Doc/paper/data/bugs_comparison.csv
bug,tracking,ChaosArena+Claude Code,required,T07,Credential store returns all password hashes and roles without authorization,Auth/IDOR,Auth / IDOR / Security,CRITICAL,critical,impact_reclassified,critical,CRITICAL,TRUE,TRUE,FALSE,"CA:R8, Exploratory #9; CC:BUG-4",3,,,,,,,,,,,,,,,,,,,,,,,,,,,,,,,,,,,,,,,,,,,Doc/paper/data/bugs_comparison.csv
bug,tracking,ChaosArena,required,T08,IDOR: manager-project-data accessible for any employee without role check,Auth/IDOR,Auth / IDOR / Security,CRITICAL,critical,impact_reclassified,critical,CRITICAL,TRUE,FALSE,FALSE,"CA:R10, Exploratory #12",2,,,,,,,,,,,,,,,,,,,,,,,,,,,,,,,,,,,,,,,,,,,Doc/paper/data/bugs_comparison.csv
bug,tracking,ChaosArena+Claude Code,required,T09,Role escalation via unauthenticated PUT /api/credentials/update,Auth,Auth / IDOR / Security,CRITICAL,critical,impact_reclassified,critical,CRITICAL,TRUE,TRUE,FALSE,"CA:R9, Exploratory #15; CC:BUG-5",3,,,,,,,,,,,,,,,,,,,,,,,,,,,,,,,,,,,,,,,,,,,Doc/paper/data/bugs_comparison.csv
bug,tracking,ChaosArena,exploration,T10,POST /api/credentials/save stores password in plaintext (PUT hashes it),Auth/Security,Auth / IDOR / Security,CRITICAL,critical,impact_reclassified,critical,CRITICAL,TRUE,FALSE,FALSE,CA:Exploratory #17,1,,,,,,,,,,,,,,,,,,,,,,,,,,,,,,,,,,,,,,,,,,,Doc/paper/data/bugs_comparison.csv
bug,tracking,ChaosArena+Claude Code,required,T11,No auth enforcement on project mutation endpoints — unauthenticated CRUD,Auth,Auth / IDOR / Security,CRITICAL,critical,impact_reclassified,critical,CRITICAL,TRUE,TRUE,FALSE,"CA:R7, Exploratory #13/#16; CC:BUG-6",4,,,,,,,,,,,,,,,,,,,,,,,,,,,,,,,,,,,,,,,,,,,Doc/paper/data/bugs_comparison.csv
bug,tracking,ChaosArena,exploration,T12,commitMgrDesc field (manager-only annotation) writable by any caller,Auth,Auth / IDOR / Security,HIGH,high,impact_reclassified,high,HIGH,TRUE,FALSE,FALSE,CA:Exploratory #14,1,,,,,,,,,,,,,,,,,,,,,,,,,,,,,,,,,,,,,,,,,,,Doc/paper/data/bugs_comparison.csv
bug,tracking,ChaosArena,exploration,T13,Assignment GET response embeds full employee+credential graph including password hashes,Auth/IDOR,Auth / IDOR / Security,CRITICAL,critical,impact_reclassified,critical,CRITICAL,TRUE,FALSE,FALSE,CA:Exploratory #20,1,,,,,,,,,,,,,,,,,,,,,,,,,,,,,,,,,,,,,,,,,,,Doc/paper/data/bugs_comparison.csv
bug,tracking,Claude Code,single_phase,T14,PUT /api/employees/{id} allows setting salary to negative values,Input Validation,Input Validation,MEDIUM,medium,impact_reclassified,medium,MEDIUM,FALSE,TRUE,FALSE,CC:BUG-7,1,,,,,,,,,,,,,,,,,,,,,,,,,,,,,,,,,,,,,,,,,,,Doc/paper/data/bugs_comparison.csv
bug,tracking,Claude Code,single_phase,T15,POST /api/employees allows duplicate employee with same name/email,Business Logic,Business Logic,MEDIUM,medium,impact_reclassified,medium,MEDIUM,FALSE,TRUE,FALSE,CC:BUG-8,1,,,,,,,,,,,,,,,,,,,,,,,,,,,,,,,,,,,,,,,,,,,Doc/paper/data/bugs_comparison.csv
bug,tracking,ChaosArena+Claude Code,exploration,T16,GET /api/assignments/{empId}/{projId} completely broken — returns wrong assignment,HTTP Semantics,HTTP Semantics,HIGH,high,impact_reclassified,high,HIGH,TRUE,TRUE,FALSE,CA:Exploratory #21; CC:BUG-9,2,,,,,,,,,,,,,,,,,,,,,,,,,,,,,,,,,,,,,,,,,,,Doc/paper/data/bugs_comparison.csv
bug,tracking,Claude Code,single_phase,T17,DELETE /api/assignments/{id} returns 200 on non-existent ID instead of 404,HTTP Semantics,HTTP Semantics,LOW,low,impact_reclassified,low,LOW,FALSE,TRUE,FALSE,CC:BUG-10,1,,,,,,,,,,,,,,,,,,,,,,,,,,,,,,,,,,,,,,,,,,,Doc/paper/data/bugs_comparison.csv
bug,tracking,ChaosArena,required,T18,Project endDate before startDate accepted without validation,Input Validation,Input Validation,MEDIUM,medium,impact_reclassified,medium,MEDIUM,TRUE,FALSE,FALSE,CA:R15,1,,,,,,,,,,,,,,,,,,,,,,,,,,,,,,,,,,,,,,,,,,,Doc/paper/data/bugs_comparison.csv
bug,tracking,ChaosArena,required,T19,Arbitrary or undefined role value in Credential body accepted without validation,Input Validation,Input Validation,MEDIUM,medium,impact_reclassified,medium,MEDIUM,TRUE,FALSE,FALSE,CA:R16,1,,,,,,,,,,,,,,,,,,,,,,,,,,,,,,,,,,,,,,,,,,,Doc/paper/data/bugs_comparison.csv
bug,tracking,Claude Code,single_phase,T20,PUT /api/projects/{id} returns 200 on non-existent project instead of 404,HTTP Semantics,HTTP Semantics,LOW,low,impact_reclassified,low,LOW,FALSE,TRUE,FALSE,CC:BUG-11,1,,,,,,,,,,,,,,,,,,,,,,,,,,,,,,,,,,,,,,,,,,,Doc/paper/data/bugs_comparison.csv
bug,tracking,ChaosArena+Claude Code,exploration,T21,PUT on non-existent resource ID creates new record instead of returning 404,HTTP Semantics,HTTP Semantics,MEDIUM,medium,impact_reclassified,medium,MEDIUM,TRUE,TRUE,FALSE,CA:Exploratory #18; CC:BUG-12,2,,,,,,,,,,,,,,,,,,,,,,,,,,,,,,,,,,,,,,,,,,,Doc/paper/data/bugs_comparison.csv
bug,tracking,Claude Code,single_phase,T22,GET /api/employees returns 200 with empty list instead of 404 when none exist,HTTP Semantics,HTTP Semantics,LOW,low,impact_reclassified,low,LOW,FALSE,TRUE,FALSE,CC:BUG-13,1,,,,,,,,,,,,,,,,,,,,,,,,,,,,,,,,,,,,,,,,,,,Doc/paper/data/bugs_comparison.csv
bug,tracking,Claude Code,single_phase,T23,POST /api/assignments/save with missing required fields returns 500 instead of 400,HTTP Semantics,HTTP Semantics,HIGH,high,impact_reclassified,high,HIGH,FALSE,TRUE,FALSE,CC:BUG-14,1,,,,,,,,,,,,,,,,,,,,,,,,,,,,,,,,,,,,,,,,,,,Doc/paper/data/bugs_comparison.csv
bug,tracking,Claude Code,single_phase,T24,POST /api/employees with empty body returns 500 instead of 400,HTTP Semantics,HTTP Semantics,HIGH,high,impact_reclassified,high,HIGH,FALSE,TRUE,FALSE,CC:BUG-15,1,,,,,,,,,,,,,,,,,,,,,,,,,,,,,,,,,,,,,,,,,,,Doc/paper/data/bugs_comparison.csv
bug,tracking,ChaosArena+Claude Code,required,T25,Server-side DB error misclassified as 400 Bad Request with Hibernate exception trace,HTTP Semantics,HTTP Semantics,HIGH,high,impact_reclassified,high,HIGH,TRUE,TRUE,FALSE,CA:R1/R2/R4; CC:BUG-16,4,,,,,,,,,,,,,,,,,,,,,,,,,,,,,,,,,,,,,,,,,,,Doc/paper/data/bugs_comparison.csv
bug,tracking,Claude Code,single_phase,T26,PUT /api/employees/{id} with empty body returns 500 NullPointerException,HTTP Semantics,HTTP Semantics,HIGH,high,impact_reclassified,high,HIGH,FALSE,TRUE,FALSE,CC:BUG-17,1,,,,,,,,,,,,,,,,,,,,,,,,,,,,,,,,,,,,,,,,,,,Doc/paper/data/bugs_comparison.csv
bug,tracking,Claude Code,single_phase,T27,POST /api/credentials/save with malformed body returns 500 instead of 400,HTTP Semantics,HTTP Semantics,HIGH,high,impact_reclassified,high,HIGH,FALSE,TRUE,FALSE,CC:BUG-18,1,,,,,,,,,,,,,,,,,,,,,,,,,,,,,,,,,,,,,,,,,,,Doc/paper/data/bugs_comparison.csv
bug,tracking,Claude Code,single_phase,T28,DELETE /api/employees/{id} with assigned employee returns 500 with FK constraint error,HTTP Semantics,HTTP Semantics,HIGH,high,impact_reclassified,high,HIGH,FALSE,TRUE,FALSE,CC:BUG-19,1,,,,,,,,,,,,,,,,,,,,,,,,,,,,,,,,,,,,,,,,,,,Doc/paper/data/bugs_comparison.csv
bug,tracking,ChaosArena+Claude Code,required,T29,Exception messages expose internal Java class names and ORM configuration,Security,Auth / IDOR / Security,MEDIUM,medium,impact_reclassified,medium,MEDIUM,TRUE,TRUE,FALSE,CA:R1/R2/R4; CC:BUG-20,4,,,,,,,,,,,,,,,,,,,,,,,,,,,,,,,,,,,,,,,,,,,Doc/paper/data/bugs_comparison.csv
bug,tracking,Claude Code,single_phase,T30,GET /api/departments/{id} returns 200 with null body for non-existent department,HTTP Semantics,HTTP Semantics,LOW,low,impact_reclassified,low,LOW,FALSE,TRUE,FALSE,CC:BUG-21,1,,,,,,,,,,,,,,,,,,,,,,,,,,,,,,,,,,,,,,,,,,,Doc/paper/data/bugs_comparison.csv
bug,tracking,ChaosArena,exploration,T31,POST /api/assignments/save allows duplicate composite key — no uniqueness enforcement,Business Logic,Business Logic,MEDIUM,medium,impact_reclassified,medium,MEDIUM,TRUE,FALSE,FALSE,CA:Exploratory #22,1,,,,,,,,,,,,,,,,,,,,,,,,,,,,,,,,,,,,,,,,,,,Doc/paper/data/bugs_comparison.csv
bug,tracking,Claude Code,exploration,T32,Non-existent employee/manager ID returns 200 with empty collection instead of 404,HTTP Semantics,HTTP Semantics,LOW,low,impact_reclassified,low,LOW,FALSE,TRUE,FALSE,CA:Exploratory #19; CC:BUG-22,2,,,,,,,,,,,,,,,,,,,,,,,,,,,,,,,,,,,,,,,,,,,Doc/paper/data/bugs_comparison.csv
bug,tracking,Claude Code,single_phase,T33,Cascade deletion of 5 employees and 21 assignments via DELETE /api/departments/{id},Business Logic,Business Logic,HIGH,high,impact_reclassified,high,HIGH,FALSE,TRUE,FALSE,CC:BUG-23,1,,,,,,,,,,,,,,,,,,,,,,,,,,,,,,,,,,,,,,,,,,,Doc/paper/data/bugs_comparison.csv
bug,user-mgmt,ChaosArena,required,U01,Concurrent registration with same username: duplicate request returns 500 ConstraintViolation,Concurrency,Concurrency,HIGH,high,impact_reclassified,high,HIGH,TRUE,FALSE,FALSE,CA:R1,2,,,,,,,,,,,,,,,,,,,,,,,,,,,,,,,,,,,,,,,,,,,Doc/paper/data/bugs_comparison.csv
bug,user-mgmt,ChaosArena,required,U02,Concurrent role assign + global role delete: both operations proceed causing 500 ConstraintViolation,Concurrency,Concurrency,HIGH,high,impact_reclassified,high,HIGH,TRUE,FALSE,FALSE,CA:R2,5,,,,,,,,,,,,,,,,,,,,,,,,,,,,,,,,,,,,,,,,,,,Doc/paper/data/bugs_comparison.csv
bug,user-mgmt,ChaosArena,required,U03,Concurrent permission delete + role assignment: assignment references deleted permission causing 500 ConstraintViolation,Concurrency,Concurrency,HIGH,high,impact_reclassified,high,HIGH,TRUE,FALSE,FALSE,CA:R3,2,,,,,,,,,,,,,,,,,,,,,,,,,,,,,,,,,,,,,,,,,,,Doc/paper/data/bugs_comparison.csv
bug,user-mgmt,ChaosArena,required,U04,Concurrent duplicate admin user creation: second request returns 500 ConstraintViolation,Concurrency,Concurrency,HIGH,high,impact_reclassified,high,HIGH,TRUE,FALSE,FALSE,CA:R4,1,,,,,,,,,,,,,,,,,,,,,,,,,,,,,,,,,,,,,,,,,,,Doc/paper/data/bugs_comparison.csv
bug,user-mgmt,ChaosArena+Claude Code,required,U05,IDOR: any caller reads another user's full profile (name/email/roles),Auth/IDOR,Auth / IDOR / Security,CRITICAL,critical,impact_reclassified,critical,CRITICAL,TRUE,TRUE,FALSE,"CA:R5, Exploratory #2/#6/#10/#13/#17/#21/#25; CC:BUG-1",9,,,,,,,,,,,,,,,,,,,,,,,,,,,,,,,,,,,,,,,,,,,Doc/paper/data/bugs_comparison.csv
bug,user-mgmt,ChaosArena+Claude Code,required,U06,IDOR: any caller modifies (PUT) another user's account data without authorization,Auth/IDOR,Auth / IDOR / Security,CRITICAL,critical,impact_reclassified,critical,CRITICAL,TRUE,TRUE,FALSE,"CA:R6, Exploratory #3/#7/#11/#14/#18/#22/#26; CC:BUG-2",9,,,,,,,,,,,,,,,,,,,,,,,,,,,,,,,,,,,,,,,,,,,Doc/paper/data/bugs_comparison.csv
bug,user-mgmt,ChaosArena+Claude Code,required,U07,IDOR: any caller deletes another user's account without authorization,Auth/IDOR,Auth / IDOR / Security,CRITICAL,critical,impact_reclassified,critical,CRITICAL,TRUE,TRUE,FALSE,"CA:R6, Exploratory #4/#8/#12/#15/#19/#23/#27/#34; CC:BUG-3",10,,,,,,,,,,,,,,,,,,,,,,,,,,,,,,,,,,,,,,,,,,,Doc/paper/data/bugs_comparison.csv
bug,user-mgmt,ChaosArena,required,U08,Privilege escalation: any caller assigns admin role to any user via POST /users/rbac/userroles,Auth,Auth / IDOR / Security,CRITICAL,critical,impact_reclassified,critical,CRITICAL,TRUE,FALSE,FALSE,CA:R7,1,,,,,,,,,,,,,,,,,,,,,,,,,,,,,,,,,,,,,,,,,,,Doc/paper/data/bugs_comparison.csv
bug,user-mgmt,ChaosArena+Claude Code,required,U09,All RBAC management endpoints (roles/permissions read+write) accessible without authentication,Auth,Auth / IDOR / Security,CRITICAL,critical,impact_reclassified,critical,CRITICAL,TRUE,TRUE,FALSE,"CA:R8, Exploratory #36; CC:BUG-6",3,,,,,,,,,,,,,,,,,,,,,,,,,,,,,,,,,,,,,,,,,,,Doc/paper/data/bugs_comparison.csv
bug,user-mgmt,ChaosArena,required,U10,Anonymous access to all user listing and individual user endpoints,Auth,Auth / IDOR / Security,CRITICAL,critical,impact_reclassified,critical,CRITICAL,TRUE,FALSE,FALSE,CA:R9,1,,,,,,,,,,,,,,,,,,,,,,,,,,,,,,,,,,,,,,,,,,,Doc/paper/data/bugs_comparison.csv
bug,user-mgmt,ChaosArena,required,U11,Salt generation endpoint accessible without authentication — potential crypto exposure,Auth,Auth / IDOR / Security,HIGH,high,impact_reclassified,high,HIGH,TRUE,FALSE,FALSE,CA:R10,1,,,,,,,,,,,,,,,,,,,,,,,,,,,,,,,,,,,,,,,,,,,Doc/paper/data/bugs_comparison.csv
bug,user-mgmt,ChaosArena,required,U12,Login for disabled user account returns 400 instead of 401/403,HTTP Semantics,HTTP Semantics,MEDIUM,medium,impact_reclassified,medium,MEDIUM,TRUE,FALSE,FALSE,"CA:R11, Exploratory #40",2,,,,,,,,,,,,,,,,,,,,,,,,,,,,,,,,,,,,,,,,,,,Doc/paper/data/bugs_comparison.csv
bug,user-mgmt,ChaosArena,required,U13,Delete role currently assigned to users returns 400 instead of 409 Conflict,HTTP Semantics,HTTP Semantics,MEDIUM,medium,impact_reclassified,medium,MEDIUM,TRUE,FALSE,FALSE,CA:R17,1,,,,,,,,,,,,,,,,,,,,,,,,,,,,,,,,,,,,,,,,,,,Doc/paper/data/bugs_comparison.csv
bug,user-mgmt,ChaosArena,required,U14,Delete permission currently assigned to roles returns 400 instead of 409 Conflict,HTTP Semantics,HTTP Semantics,MEDIUM,medium,impact_reclassified,medium,MEDIUM,TRUE,FALSE,FALSE,CA:R18,1,,,,,,,,,,,,,,,,,,,,,,,,,,,,,,,,,,,,,,,,,,,Doc/paper/data/bugs_comparison.csv
bug,user-mgmt,ChaosArena,exploration,U15,Any caller can disable or re-enable any user account via unauthenticated endpoint,Auth,Auth / IDOR / Security,CRITICAL,critical,impact_reclassified,critical,CRITICAL,TRUE,FALSE,FALSE,CA:Exploratory #31/#32,2,,,,,,,,,,,,,,,,,,,,,,,,,,,,,,,,,,,,,,,,,,,Doc/paper/data/bugs_comparison.csv
bug,user-mgmt,ChaosArena,exploration,U16,PUT /users/rbac/permissions returns 500 when request body lacks required fields,HTTP Semantics,HTTP Semantics,HIGH,high,impact_reclassified,high,HIGH,TRUE,FALSE,FALSE,CA:Exploratory #35,1,,,,,,,,,,,,,,,,,,,,,,,,,,,,,,,,,,,,,,,,,,,Doc/paper/data/bugs_comparison.csv
bug,user-mgmt,ChaosArena,exploration,U17,Empty string username accepted on POST /users/register — bypasses uniqueness check,Input Validation,Input Validation,MEDIUM,medium,impact_reclassified,medium,MEDIUM,TRUE,FALSE,FALSE,CA:Exploratory #39,1,,,,,,,,,,,,,,,,,,,,,,,,,,,,,,,,,,,,,,,,,,,Doc/paper/data/bugs_comparison.csv
bug,user-mgmt,ChaosArena,exploration,U18,Login error message reveals account status enabling username enumeration,Security,Auth / IDOR / Security,MEDIUM,medium,impact_reclassified,medium,MEDIUM,TRUE,FALSE,FALSE,CA:Exploratory #41,1,,,,,,,,,,,,,,,,,,,,,,,,,,,,,,,,,,,,,,,,,,,Doc/paper/data/bugs_comparison.csv
bug,user-mgmt,ChaosArena,exploration,U19,Role names stored with surrounding double-quote characters when created via API,API Design,Data Integrity / API Design,LOW,low,impact_reclassified,low,LOW,TRUE,FALSE,FALSE,CA:Exploratory #42,1,,,,,,,,,,,,,,,,,,,,,,,,,,,,,,,,,,,,,,,,,,,Doc/paper/data/bugs_comparison.csv
bug,user-mgmt,Claude Code,single_phase,U20,POST /users/register with existing username returns 500 instead of 409 Conflict,HTTP Semantics,HTTP Semantics,HIGH,high,impact_reclassified,high,HIGH,FALSE,TRUE,FALSE,CC:BUG-11,1,,,,,,,,,,,,,,,,,,,,,,,,,,,,,,,,,,,,,,,,,,,Doc/paper/data/bugs_comparison.csv
bug,user-mgmt,Claude Code,single_phase,U21,GET /users/{id} returns 500 for non-existent user instead of 404,HTTP Semantics,HTTP Semantics,HIGH,high,impact_reclassified,high,HIGH,FALSE,TRUE,FALSE,CC:BUG-12,1,,,,,,,,,,,,,,,,,,,,,,,,,,,,,,,,,,,,,,,,,,,Doc/paper/data/bugs_comparison.csv
bug,user-mgmt,Claude Code,single_phase,U22,PUT /users/{id} with non-existent ID returns 500 instead of 404,HTTP Semantics,HTTP Semantics,HIGH,high,impact_reclassified,high,HIGH,FALSE,TRUE,FALSE,CC:BUG-13,1,,,,,,,,,,,,,,,,,,,,,,,,,,,,,,,,,,,,,,,,,,,Doc/paper/data/bugs_comparison.csv
bug,user-mgmt,Claude Code,single_phase,U23,POST /users requires undocumented mandatory 'phone' field absent from spec schema,API Design,Data Integrity / API Design,MEDIUM,medium,impact_reclassified,medium,MEDIUM,FALSE,TRUE,FALSE,CC:BUG-4,1,,,,,,,,,,,,,,,,,,,,,,,,,,,,,,,,,,,,,,,,,,,Doc/paper/data/bugs_comparison.csv
bug,user-mgmt,Claude Code,single_phase,U24,POST /users/rbac/permissions with duplicate key returns 404 Not Found instead of 409 Conflict,HTTP Semantics,HTTP Semantics,MEDIUM,medium,impact_reclassified,medium,MEDIUM,FALSE,TRUE,FALSE,CC:BUG-5,1,,,,,,,,,,,,,,,,,,,,,,,,,,,,,,,,,,,,,,,,,,,Doc/paper/data/bugs_comparison.csv
bug,user-mgmt,Claude Code,single_phase,U25,POST /login returns 400 Bad Request instead of 401 Unauthorized for invalid credentials,HTTP Semantics,HTTP Semantics,LOW,low,impact_reclassified,low,LOW,FALSE,TRUE,FALSE,CC:BUG-9,1,,,,,,,,,,,,,,,,,,,,,,,,,,,,,,,,,,,,,,,,,,,Doc/paper/data/bugs_comparison.csv
bug,user-mgmt,Claude Code,single_phase,U26,GET /users/rbac/salt returns 201 Created instead of 200 OK (GET must not return 201),HTTP Semantics,HTTP Semantics,LOW,low,impact_reclassified,low,LOW,FALSE,TRUE,FALSE,CC:BUG-7,1,,,,,,,,,,,,,,,,,,,,,,,,,,,,,,,,,,,,,,,,,,,Doc/paper/data/bugs_comparison.csv
bug,user-mgmt,Claude Code,single_phase,U27,Multiple mutation operations return 201 instead of spec-defined 200 (including PUT),HTTP Semantics,HTTP Semantics,LOW,low,impact_reclassified,low,LOW,FALSE,TRUE,FALSE,CC:BUG-8,1,,,,,,,,,,,,,,,,,,,,,,,,,,,,,,,,,,,,,,,,,,,Doc/paper/data/bugs_comparison.csv
bug,user-mgmt,Claude Code,single_phase,U28,updatedDt field is null on newly registered or created users,Data Integrity,Data Integrity / API Design,LOW,low,impact_reclassified,low,LOW,FALSE,TRUE,FALSE,CC:BUG-10,1,,,,,,,,,,,,,,,,,,,,,,,,,,,,,,,,,,,,,,,,,,,Doc/paper/data/bugs_comparison.csv
run_summary,market,ChaosArena,required,,,,,,,,,,,,,,,,,14,14,,4,6,2.383613,5.87,,,,,,,,,,,101,,,,,,,2026-Q2,,,,,,,,,,,,,,,,results/market/ChaosArena/run_0617-market-004.json
run_summary,market,ChaosArena,exploration,,,,,,,,,,,,,,,,,6,,6,0,3,0.915336,6.55,,,,,,,,,,,23,,,,,,,2026-Q2,,,,,,,,,,,,,,,,results/market/ChaosArena/run_0617-market-004.json
run_summary,market,ChaosArena,total,,,,,,,,,,,,,,,,,20,14,6,4,9,3.298949,6.06,3.298949,0.000000,3.298949,6.06,2026-06-17T22:35:09.959798+00:00,2026-06-17T22:38:30.076389+00:00,200.117,3.34,200.1,3.34,124,168,607607,41463,134373,1167615,1951058,2026-Q2,,,,,,,,,,,,,,,,results/market/ChaosArena/run_0617-market-004.json
run_summary,market,Claude Code,single_phase,,,,,,,,,,,,,,,,8,7,,,0,1,1.153159,6.07,,,,,,,,,552.9,9.22,15,,17,38840,63549,627958,730364,,,,,,,,,,,,,,,,,results/market/claude/without-spec/result.json
run_summary,market,AutoRestTest,single_phase,,,,,,,,,,,,,,,,,0,,,0,0,,,,,,,,,,,1200,20.00,,,,,,,,,120525,0,0,0,0,0,0,0,0,120525,13,0,0.0%,16591,"{""getCustomerUsingGET"":42624,""getCartUsingGET"":6579,""getOrdersUsingGET"":6457,""clearCartUsingDELETE"":6452,""updateContactsUsingPUT"":6516,""addItemUsingPUT"":6415,""getOrderUsingGET"":6573,""getProductsUsingGET"":6562,""setDeliveryUsingPUT"":6484,""createCustomerUsingPOST"":6394,""payByCardUsingPOST"":6403,""getProductUsingGET"":6560,""getContactsUsingGET"":6506}",results/market/autorest/report.json
run_summary,tracking,ChaosArena,required,,,,,,,,,,,,,,,,,14,14,,3,11,2.525693,5.54,,,,,,,,,,,60,,,,,,,2026-Q2,,,,,,,,,,,,,,,,results/tracking/ChaosArena/run_0615-tracking-chaosarena.json
run_summary,tracking,ChaosArena,exploration,,,,,,,,,,,,,,,,,6,,6,0,4,0.932506,6.43,,,,,,,,,,,27,,,,,,,2026-Q2,,,,,,,,,,,,,,,,results/tracking/ChaosArena/run_0615-tracking-chaosarena.json
run_summary,tracking,ChaosArena,total,,,,,,,,,,,,,,,,,20,14,6,3,15,3.458199,5.78,3.458199,0.199566,3.657765,5.47,2026-06-16T02:26:50.049926+00:00,2026-06-16T02:34:42.638948+00:00,472.589,7.88,472.6,7.88,87,192,603328,75453,82229,693538,1454548,2026-Q2,,,,,,,,,,,,,,,,results/tracking/ChaosArena/run_0615-tracking-chaosarena.json
run_summary,tracking,Claude Code,single_phase,,,,,,,,,,,,,,,,22,23,,,0,14,1.371842,16.77,,,,,,,,,550.5,9.18,89,,53,26228,49233,2273297,2348811,,,,,,,,,,,,,,,,,results/tracking/claude/without-spec/result.json
run_summary,tracking,AutoRestTest,single_phase,,,,,,,,,,,,,,,,,0,,,0,0,,,,,,,,,,,1200,20.00,,,322583,143486,,,466069,,98787,21970,0,0,76222,234,324,0,0,37,67,46,68.66%,33,"{""findByEmployeeIdAndProjectIdUsingGET"":5,""findByDepartmentIdUsingGET"":1,""findByUsernameUsingGET_1"":1,""findAllByEmployeeIdAndManagerIdUsingGET"":6,""findByIdUsingGET_3"":1,""findByProjectIdUsingGET"":2,""findManagerProjectDataByEmployeeIdUsingGET"":2,""findByIdUsingGET_5"":3,""findByIdUsingGET_2"":2,""findByEmployeeIdAndProjectIdAndCommitDateUsingGET"":4,""findByIdUsingGET_1"":1,""findByIdUsingGET"":4,""findByIdUsingGET_4"":1,""findByUsernameUsingGET"":3,""findByEmployeeProjectDataEmployeeIdUsingGET"":1}",results/tracking/autorest/report.json
run_summary,user-mgmt,ChaosArena,required,,,,,,,,,,,,,,,,,14,14,,4,0,3.205088,4.37,,,,,,,,,,,86,,,,,,,2026-Q2,,,,,,,,,,,,,,,,results/user/ChaosArena/run_0617-user-management-001.json
run_summary,user-mgmt,ChaosArena,exploration,,,,,,,,,,,,,,,,,5,,5,0,0,1.496606,3.34,,,,,,,,,,,35,,,,,,,2026-Q2,,,,,,,,,,,,,,,,results/user/ChaosArena/run_0617-user-management-001.json
run_summary,user-mgmt,ChaosArena,total,,,,,,,,,,,,,,,,,19,14,5,4,0,4.701694,4.04,4.701694,0.187230,4.888924,3.89,2026-06-18T02:04:58.212373+00:00,2026-06-18T02:14:17.847196+00:00,559.635,9.33,559.6,9.33,121,152,812704,92531,139200,1178721,2223156,2026-Q2,,,,,,,,,,,,,,,,results/user/ChaosArena/run_0617-user-management-001.json
run_summary,user-mgmt,Claude Code,single_phase,,,,,,,,,,,,,,,,9,13,,,0,0,1.176065,11.05,,,,,,,,,422.5,7.04,26,,28,29334,53533,1379781,1462676,,,,,,,,,,,,,,,,,results/user/claude/without-spec/result.json
run_summary,user-mgmt,AutoRestTest,single_phase,,,,,,,,,,,,,,,,,0,,,0,0,,,,,,,,,,,1200,20.00,,,103818,36211,,,140029,,115565,16062,6931,1305,54922,27145,152,0,110,8938,21,19,90.48%,1790,"{""updatePermissionUsingPUT"":8886,""createRoleUsingPOST"":49,""addPermissionOnRoleUsingPOST"":2,""createPermissionUsingPOST"":1}",results/user/autorest/report.json
aggregate_summary,all,ChaosArena,total,,,,,,,,,,,,,,,,,59,42,17,11,37,11.458842,5.15,11.458842,0.386796,11.845638,4.98,,,410.780,6.85,410.8,6.85,,,,,,,,,,,,,,,,,,,,,,,,derived from collected rows
aggregate_summary,all,Claude Code,single_phase,,,,,,,,,,,,,,,,39,43,,,0,22,3.701066,11.62,,,,,,,,,,8.48,,,,,,,,,,,,,,,,,,,,,,,,derived from collected rows
aggregate_summary,all,AutoRestTest,single_phase,,,,,,,,,,,,,,,,,0,,,0,0,0.000000,,,,,,,,,,,20.00,,,,,,,,,,,,,,,,,,,,,,,,derived from collected rows
aggregate_summary,all,ChaosArena,required,,,,,,,,,,,,,,,,,42,,,11,28,8.114394,5.18,,,,,,,,,,,,,,,,,,,,,,,,,,,,,,,,,,derived from collected rows
aggregate_summary,all,ChaosArena,exploration,,,,,,,,,,,,,,,,,17,,,0,9,3.344448,5.08,,,,,,,,,,,,,,,,,,,,,,,,,,,,,,,,,,derived from collected rows
